{"cameraMode":{"drawMode":0,"name":"Shaded","section":"Shading Mode"},"sceneLighting":true,"audioPlay":false,"sceneViewState":{"m_AlwaysRefresh":false,"showFog":true,"showSkybox":true,"showFlares":true,"showImageEffects":true,"showParticleSystems":true,"showVisualEffectGraphs":true,"m_FxEnabled":true},"in2DMode":false,"pivot":{"x":-0.5372433066368103,"y":2.1253435611724855,"z":17.347684860229493},"rotation":{"x":0.020850682631134988,"y":0.7482083439826965,"z":-0.024023164063692094,"w":0.6628885269165039},"size":10.449999809265137,"orthographic":false}