{"cameraMode":{"drawMode":0,"name":"Shaded","section":"Shading Mode"},"sceneLighting":true,"audioPlay":false,"sceneViewState":{"m_AlwaysRefresh":false,"showFog":true,"showSkybox":true,"showFlares":true,"showImageEffects":true,"showParticleSystems":true,"showVisualEffectGraphs":true,"m_FxEnabled":true},"in2DMode":false,"pivot":{"x":1.9320099353790284,"y":0.45218515396118166,"z":23.714202880859376},"rotation":{"x":-0.24661748111248017,"y":-0.10965536534786225,"z":0.028050275519490243,"w":-0.9625608325004578},"size":1.766784429550171,"orthographic":false}