{"cameraMode":{"drawMode":0,"name":"Shaded","section":"Shading Mode"},"sceneLighting":true,"audioPlay":false,"sceneViewState":{"m_AlwaysRefresh":false,"showFog":true,"showSkybox":true,"showFlares":true,"showImageEffects":true,"showParticleSystems":true,"showVisualEffectGraphs":true,"m_FxEnabled":true},"in2DMode":false,"pivot":{"x":-0.6940420866012573,"y":0.7900453805923462,"z":7.045486927032471},"rotation":{"x":-0.07038681954145432,"y":0.10066547244787216,"z":-0.007182914763689041,"w":-0.9924296736717224},"size":4.267772674560547,"orthographic":false}