{"cameraMode":{"drawMode":0,"name":"Shaded","section":"Shading Mode"},"sceneLighting":true,"audioPlay":false,"sceneViewState":{"m_AlwaysRefresh":false,"showFog":true,"showSkybox":true,"showFlares":true,"showImageEffects":true,"showParticleSystems":true,"showVisualEffectGraphs":true,"m_FxEnabled":true},"in2DMode":false,"pivot":{"x":-0.7465533018112183,"y":1.3688015937805176,"z":2.156040668487549},"rotation":{"x":-0.007794826757162809,"y":0.05755862221121788,"z":-0.0004889267147518694,"w":-0.9983407258987427},"size":0.3713851571083069,"orthographic":false}