{"cameraMode":{"drawMode":0,"name":"Shaded","section":"Shading Mode"},"sceneLighting":true,"audioPlay":false,"sceneViewState":{"m_AlwaysRefresh":false,"showFog":true,"showSkybox":true,"showFlares":true,"showImageEffects":true,"showParticleSystems":true,"showVisualEffectGraphs":true,"m_FxEnabled":true},"in2DMode":false,"pivot":{"x":-2.273719310760498,"y":1.1522340774536133,"z":3.2888364791870119},"rotation":{"x":0.20286372303962708,"y":-0.017916424199938775,"z":0.0037907252553850414,"w":0.979077160358429},"size":1.8765592575073243,"orthographic":false}