{"cameraMode":{"drawMode":0,"name":"Shaded","section":"Shading Mode"},"sceneLighting":true,"audioPlay":false,"sceneViewState":{"m_AlwaysRefresh":false,"showFog":true,"showSkybox":true,"showFlares":true,"showImageEffects":true,"showParticleSystems":true,"showVisualEffectGraphs":true,"m_FxEnabled":true},"in2DMode":false,"pivot":{"x":-0.8348023891448975,"y":2.309072971343994,"z":4.103916168212891},"rotation":{"x":0.10153647512197495,"y":-0.10722699016332627,"z":0.011019864119589329,"w":0.9889938235282898},"size":3.2660250663757326,"orthographic":false}