{"cameraMode":{"drawMode":0,"name":"Shaded","section":"Shading Mode"},"sceneLighting":true,"audioPlay":false,"sceneViewState":{"m_AlwaysRefresh":false,"showFog":true,"showSkybox":true,"showFlares":true,"showImageEffects":true,"showParticleSystems":true,"showVisualEffectGraphs":true,"m_FxEnabled":true},"in2DMode":false,"pivot":{"x":0.8889999389648438,"y":3.7620010375976564,"z":-0.6100006103515625},"rotation":{"x":-0.025379246100783349,"y":0.6014037728309631,"z":-0.019172096624970437,"w":-0.7984086275100708},"size":121.2435531616211,"orthographic":false}