{"cameraMode":{"drawMode":0,"name":"Shaded","section":"Shading Mode"},"sceneLighting":true,"audioPlay":false,"sceneViewState":{"m_AlwaysRefresh":false,"showFog":true,"showSkybox":true,"showFlares":true,"showImageEffects":true,"showParticleSystems":true,"showVisualEffectGraphs":true,"m_FxEnabled":true},"in2DMode":false,"pivot":{"x":-0.0360109806060791,"y":1.9612780809402466,"z":-2.7731611728668215},"rotation":{"x":-0.030477242544293405,"y":0.6808437705039978,"z":0.028432397171854974,"w":0.7312985062599182},"size":2.145132303237915,"orthographic":false}