{"cameraMode":{"drawMode":0,"name":"Shaded","section":"Shading Mode"},"sceneLighting":true,"audioPlay":false,"sceneViewState":{"m_AlwaysRefresh":false,"showFog":true,"showSkybox":true,"showFlares":true,"showImageEffects":true,"showParticleSystems":true,"showVisualEffectGraphs":true,"m_FxEnabled":true},"in2DMode":false,"pivot":{"x":-0.08496861159801483,"y":3.0155038833618166,"z":4.418537616729736},"rotation":{"x":0.10153647512197495,"y":-0.10722699016332627,"z":0.011019864119589329,"w":0.9889938235282898},"size":1.1660254001617432,"orthographic":false}