{"cameraMode":{"drawMode":0,"name":"Shaded","section":"Shading Mode"},"sceneLighting":true,"audioPlay":false,"sceneViewState":{"m_AlwaysRefresh":false,"showFog":true,"showSkybox":true,"showFlares":true,"showImageEffects":true,"showParticleSystems":true,"showVisualEffectGraphs":true,"m_FxEnabled":true},"in2DMode":false,"pivot":{"x":0.47426366806030276,"y":1.4084386825561524,"z":10.166821479797364},"rotation":{"x":0.035989098250865939,"y":0.1315326988697052,"z":-0.004757263697683811,"w":0.990665078163147},"size":7.211950302124023,"orthographic":false}