{"cameraMode":{"drawMode":0,"name":"Shaded","section":"Shading Mode"},"sceneLighting":true,"audioPlay":false,"sceneViewState":{"m_AlwaysRefresh":false,"showFog":true,"showSkybox":true,"showFlares":true,"showImageEffects":true,"showParticleSystems":true,"showVisualEffectGraphs":true,"m_FxEnabled":true},"in2DMode":false,"pivot":{"x":-1.6940078735351563,"y":1.8064796924591065,"z":3.732701301574707},"rotation":{"x":0.19487300515174867,"y":-0.08111082762479782,"z":0.01624736376106739,"w":0.9773750901222229},"size":0.9765593409538269,"orthographic":false}